teamId,TeamScore,ml_rank,elo_rank,Strength,statistical_rank,Combined_Score,Combined_Rank
99566404852189289,0.4748020146995748,67,2,1.7836568820814338,42,28.25,1.0
98767991877340524,0.4748705260961221,66,23,1.265178696029306,5,29.25,2.0
98767991926151025,0.4690478531473321,126,12,1.3968459785722949,4,38.5,3.0
104367068120825486,0.4712432055875645,101,10,1.4182543438193456,55,44.0,4.0
99566404853058754,0.4696606735590968,117,8,1.4707772324692734,53,46.5,5.0
98767991853197861,0.4641884658809161,176,5,1.5737627934635807,2,47.0,6.0
100725845018863243,0.463008906996138,203,9,1.4359719065150998,6,56.75,7.0
99566404854685458,0.4712115200840819,102,11,1.3972208960818322,104,57.0,8.0
98767991892579754,0.4810709862891793,41,25,1.2601919432990374,145,59.0,9.0
99566404579461230,0.4617468704704091,223,3,1.648801327115968,25,63.5,10.0
100205573495116443,0.4599599474932189,255,1,1.7973488375247517,1,64.5,11.5
98767991866488695,0.4701338318306655,113,71,1.128124489552351,3,64.5,11.5
106269804045322803,0.4728687172160896,84,20,1.275979920927134,137,65.25,13.0
99294153824386385,0.4698916776401338,115,59,1.1457814887849536,40,68.25,14.0
99566404585387054,0.4614564813863884,228,21,1.2728221520936656,7,69.25,15.0
105536918475957734,0.4680622468313324,135,17,1.2835899301781615,109,69.5,16.0
107700199633958891,0.4734711188498289,81,18,1.2786399731907698,174,72.75,17.0
98767991846127102,0.4880014047938003,12,95,1.1040812046683872,107,77.25,18.0
100285330168091787,0.4636918619473913,185,62,1.1422972132601605,9,79.5,19.0
102787200134790084,0.465655114742765,161,34,1.2317052841140546,97,81.5,20.0
103935468920814040,0.460115801806225,252,22,1.2680893187883295,36,83.0,21.0
99566404853854212,0.4803861898736157,44,6,1.5554299418404751,282,84.5,22.0
99566404850008779,0.4726830177893024,87,4,1.6397411767230978,246,85.25,23.0
99566406490127625,0.4788424676811537,47,114,1.0833496074684283,67,85.5,24.0
107760667929003738,0.478610593876558,49,42,1.206909832004106,222,88.75,25.0
100725845022060229,0.4574008846132743,289,28,1.2461783510980564,19,91.0,26.0
98767991935149427,0.4626801676255334,207,36,1.2279541364029078,88,91.75,27.0
105397404796640412,0.4661897951771557,156,37,1.2252549697823425,141,92.75,28.0
99566405130451785,0.4575053201952918,287,40,1.210850558795166,13,95.0,29.0
103935530333072898,0.4593906527325673,260,49,1.1675567170013994,23,95.25,30.0
100205573496804586,0.4541063337136171,331,7,1.4901952623408659,39,96.0,31.0
103877675241047720,0.4605269489054816,243,32,1.2361325125456857,78,96.25,32.0
107603600826620492,0.4766724577419757,56,58,1.1459309682230292,219,97.75,33.0
107467803833323099,0.4701760386333295,112,43,1.204254797920445,198,99.0,34.0
107581759470356115,0.4665101110438108,153,26,1.2521027239634017,193,99.5,35.0
107581765633427097,0.4833213140299977,30,53,1.1575677768573083,266,100.5,36.0
103877625775457850,0.460554003004209,241,35,1.2296428099421843,95,101.5,37.0
105593951536470384,0.4697876688811227,116,63,1.1418751862439753,170,103.0,38.0
99566406493155041,0.4885284259543579,11,104,1.0966581532831694,194,103.25,39.0
105515219038427019,0.4581199882114755,279,16,1.2942784524360385,103,103.5,40.0
105519746234964687,0.4675487027079562,143,50,1.165155103668043,176,104.75,41.5
103461966965149786,0.4648282930281947,170,116,1.0814845794495374,17,104.75,41.5
107423075317119707,0.4682886418922009,131,46,1.1810418082741931,207,107.5,43.0
99566405126602853,0.4604849243267589,244,73,1.1267325318956158,43,108.25,44.5
105559480124455983,0.4604170746404272,246,24,1.2631342607330298,139,108.25,44.5
98767991882270868,0.4631789722447593,197,14,1.34567153375257,213,109.5,46.0
98767991954244555,0.4640501009229097,179,39,1.2210125161493843,186,110.75,47.0
105514967858969605,0.4628936953588416,204,48,1.169367624722111,151,112.75,48.0
99566404855553726,0.4583930120566491,274,45,1.1825245225969154,96,115.0,49.0
102787200155434012,0.4702348057968835,110,119,1.0797512768106308,122,117.5,50.0
107575082591536093,0.4669592644230115,149,69,1.1318185439828932,184,117.75,51.0
107700204561086446,0.4765559156490161,58,112,1.0844062572776496,190,118.0,52.0
104710369093939895,0.4786453205051671,48,108,1.0890424824829714,212,119.0,53.0
99566404581868574,0.4556682643513197,314,79,1.1208527507435306,18,122.5,54.0
104841890701948065,0.4632898118199444,190,85,1.1134226692124245,132,123.0,55.0
99566405124618295,0.4536149537736259,338,54,1.1545882237079255,49,123.75,56.0
103461966981927044,0.4504478606497967,366,51,1.1596513193656761,34,125.5,57.0
110428362822825796,0.4760540738530751,59,56,1.1532217992870626,344,128.75,58.0
105550026570060790,0.459160024413547,264,60,1.143872682052326,134,129.5,59.0
105521706535388095,0.4582810988785452,277,61,1.1432024931726845,121,130.0,60.0
107450819235010833,0.4748968107124696,65,55,1.153802757486963,358,133.25,61.0
105504044166670507,0.4493889841271835,377,19,1.2765582088510135,120,133.75,62.0
102787200120306562,0.4587058089715281,269,99,1.1019810341783058,72,134.75,63.5
108361552741927561,0.4692771199196903,123,93,1.106104232569127,230,134.75,63.5
99566404846951820,0.4672903578639425,146,148,1.05243622965882,98,135.0,65.0
102787200149928963,0.4562326285311292,304,66,1.1376212148063334,105,135.25,66.0
102787200132955066,0.469535722124839,120,139,1.0571213980552885,144,135.5,67.0
105913221137618666,0.4904839024508723,8,136,1.0595836364960922,265,136.25,68.0
99566408217955692,0.4497866262877364,371,74,1.1266228768426991,30,137.25,69.5
102787200136756173,0.4522902887387258,349,47,1.1795892564362527,106,137.25,69.5
104710316579222193,0.4632675536228974,192,113,1.0835246857375005,142,140.0,71.0
109674814051390025,0.4690589933044988,125,52,1.1593110968092541,332,140.25,72.0
105514907449611976,0.4509504047205268,359,33,1.2320702484366992,138,140.75,73.0
106827832203113865,0.4680920094400657,134,65,1.1404008212102852,305,142.25,74.0
103461966951059521,0.4738596077794719,76,231,1.0076647871362108,32,142.5,75.0
102787200151698443,0.4465937208942709,406,30,1.2379904538706772,108,143.5,76.0
102235771678061291,0.417755213644338,519,13,1.3501717905263344,33,144.5,77.0
99566405128626825,0.4496054642379631,374,82,1.1187348772658865,41,144.75,78.0
105553606349477427,0.4561872803316291,306,81,1.1198708784521887,112,145.0,79.0
109523293035238887,0.4774818012583289,53,91,1.1101031048478565,351,146.5,80.0
103935446548920777,0.4471134743055458,403,44,1.182553349372428,101,148.0,81.0
107582157086477662,0.4631106809633787,200,100,1.0987022914572488,196,149.0,82.0
107581300297680248,0.4737307654709676,78,140,1.0562597985300437,243,150.25,83.0
98767991871709842,0.4850118694571554,25,147,1.052746868733358,285,151.0,84.0
108352305932141947,0.4719732595081912,97,90,1.1111381361678563,329,151.5,85.0
103535282119620510,0.4573027387521188,290,120,1.0780355801963108,81,152.75,86.5
99322214689444546,0.461519212140529,226,151,1.0498021525367496,83,152.75,86.5
107598788926820994,0.4582926217205997,276,57,1.1483807016298206,223,153.25,88.0
106827827857159558,0.4631513273518982,198,88,1.1118719692102632,250,156.0,89.0
103461966971048042,0.4572845951216309,291,163,1.0422516736831626,8,156.25,90.0
107597875833524424,0.465501980992131,162,111,1.0844420506809878,252,159.0,91.0
105549998884468136,0.4571678855071341,293,80,1.1200052666877178,191,161.0,92.0
107597870621708485,0.471530440870481,99,131,1.0617188314974146,291,163.0,93.5
107582618156093368,0.4709253103940766,106,156,1.04745662490742,234,163.0,93.5
107582184905264520,0.4820657333594325,36,175,1.037264372576158,267,163.25,95.0
99566408356697119,0.4600077855226842,254,138,1.0578100324120157,124,163.5,96.0
102787200126663579,0.4443869864259781,428,75,1.125006452355585,77,163.75,97.0
107456994699991548,0.4729312088749891,83,149,1.0523393820913927,281,165.5,98.0
109669678317817381,0.4669491748805094,150,92,1.1083718182665057,331,166.25,99.0
105505619546859895,0.4391542636729442,464,38,1.2237566641430337,129,167.25,100.0
109485335453835911,0.4724235554267201,93,127,1.0688520256287168,327,168.5,101.0
109696126554266494,0.4617597986889272,222,64,1.1417846384407753,326,169.0,102.5
99566408221961358,0.4555329077700308,316,122,1.0741363782824949,116,169.0,102.5
109981650516317055,0.468506556859748,130,72,1.126786930764174,404,169.5,104.0
105520786527322647,0.4623903188371931,213,158,1.0467560901414388,158,171.75,105.0
106827844148688268,0.4699411649420467,114,118,1.0805739615075172,340,172.5,106.0
105537149834356301,0.4609994090480968,234,164,1.0421615718552124,140,175.5,107.0
109800832177252614,0.4598241528643713,258,70,1.128733599624661,306,176.0,108.0
104710354840711661,0.4504618038390239,365,87,1.1129498315491495,166,176.25,109.0
107581284487120142,0.4566606221455075,300,103,1.0972180395638444,202,177.0,110.0
108121047955658273,0.4737082251818665,79,135,1.0601694606880077,360,177.25,111.0
108573042084687884,0.4688455795125542,127,145,1.053922156051041,294,177.75,112.0
101383793572656373,0.454155120678097,330,160,1.0439824770723167,62,178.0,113.0
104228817622043824,0.4657045479312836,160,191,1.0243413173766676,171,178.25,114.0
108159917648031455,0.4685604258742414,129,67,1.1335894005349976,452,178.75,115.0
107582178455767077,0.4674399927860603,144,170,1.038529784929749,235,179.75,116.0
105550054006182911,0.4388960965102455,466,68,1.132206015390436,118,180.0,117.0
108203154514683518,0.4667969200289243,152,102,1.097981625248956,368,181.0,118.0
103877554248683116,0.4597025363742574,259,180,1.0297658722624372,114,183.25,119.0
99566406332987990,0.4582944305036059,275,222,1.0110379270810192,15,183.5,120.0
99566408358330419,0.4614860437095252,227,192,1.0243018149612813,126,184.25,121.5
109642680932009857,0.4687922736095176,128,134,1.0606224135140183,341,184.25,121.5
98767991940181526,0.4606930107451721,239,233,1.0060549825446976,35,185.0,123.5
103535282158162659,0.3431027548983093,563,78,1.1209674764823827,21,185.0,123.5
105515345386578249,0.446557219371428,407,89,1.1113403970169453,159,186.0,125.0
104270958001747936,0.4522225473096179,350,109,1.0854644765858097,177,186.25,126.0
107422385694193066,0.4560450060003985,307,105,1.0965929450435297,233,187.5,127.0
107467794614674479,0.4570366625830121,296,115,1.0828429242871915,232,189.5,128.0
101383793574360315,0.4676146800995919,140,292,0.9879712111515353,37,190.25,129.5
107416483509696259,0.4503685062432616,367,83,1.1166190040780497,228,190.25,129.5
103743162394217975,0.4678216738762311,138,259,0.9986816405687294,110,191.5,131.0
109695910533747910,0.4702267653972401,111,143,1.0549817231931107,372,192.25,132.0
105520796734358045,0.4610518239052505,233,161,1.0435332653224256,217,193.0,133.0
103877589042434434,0.4545057501397894,327,185,1.0287449881358421,80,194.25,134.0
99566405129589291,0.4406260482861678,454,154,1.048055496593985,16,194.5,135.0
108404211655217274,0.4560183842814814,309,96,1.1038053259702105,278,194.75,136.5
106857739520697600,0.467889564138436,137,165,1.0421476717159357,312,194.75,136.5
105550033967461806,0.4350413286195032,482,94,1.1047182687919048,111,195.25,138.0
101428372605353526,0.4491082359405817,380,171,1.0381002166598834,66,197.0,139.0
107423109717243380,0.4520219628245884,353,97,1.1037701581749408,245,198.0,140.0
99566408562477641,0.4489343965432896,382,178,1.0303892593077004,58,199.0,141.5
103935523328473675,0.4352974600959156,480,121,1.0750311118284899,74,199.0,141.5
99566405123587075,0.4450926369314494,421,155,1.0478147113516403,71,200.5,143.0
103963753080578719,0.4432724546927612,436,110,1.0853270142222495,149,201.25,144.0
107563714667537640,0.4515608102727726,357,76,1.1221378397601052,297,201.5,145.0
107467834753797729,0.443722288394205,433,84,1.1147175977699573,206,201.75,146.5
102787200129022886,0.4483877815456806,388,173,1.0373514252611382,73,201.75,146.5
105532791598779236,0.4560111198737637,310,189,1.0269631464472209,125,203.25,148.0
103935642731826448,0.4585884662210963,272,220,1.01391253712342,102,203.5,149.5
105519562229907355,0.4894732228331803,9,247,1.0013227649387109,311,203.5,149.5
109696073114910519,0.4695515861391443,119,144,1.0541747629966702,408,203.75,151.0
98926509885559666,0.4742391519320396,72,86,1.1129878958842179,573,204.25,152.0
104710343016706538,0.4733084479125613,82,254,0.9998292657319076,244,208.5,153.5
107251245690956393,0.4575966488495632,286,174,1.037326320615116,200,208.5,153.5
99566404848691211,0.4668448026332976,151,117,1.0807283712683524,450,208.75,155.0
106302119383559530,0.4811367655279539,40,237,1.0030760444874949,324,209.5,156.0
109631326144414089,0.4927237410201047,7,199,1.020280121947127,436,210.25,157.0
99322214684939974,0.4540597574290035,332,197,1.020567934788209,119,211.25,158.0
104710373370426042,0.4807466437510111,43,242,1.0026292525237879,320,211.75,159.0
105913238372341488,0.4539842563158699,335,150,1.0518138472070964,214,212.25,160.5
107580483738977500,0.4741272571922492,75,188,1.0271752563172927,398,212.25,160.5
105351835580819729,0.4496769872824409,372,204,1.0196164241030823,70,212.5,162.0
107564167676290839,0.4631088734232122,201,130,1.0644950733054466,393,213.5,163.0
107467827374313054,0.4533133265344087,341,128,1.0679587668180128,258,213.75,164.5
106972778172351142,0.4482420268381091,391,27,1.247099075946105,410,213.75,164.5
105549988405523871,0.4373393546573386,471,101,1.0983038556504727,183,214.0,166.0
107251295460371069,0.4436206488670277,434,77,1.1213624617668094,275,215.75,167.0
104212455500985426,0.4879665481431683,13,252,1.000131745879265,350,216.75,168.5
105536643047197642,0.4130907901766618,525,106,1.0913430359172773,130,216.75,168.5
107603544245460197,0.4742818187004815,71,262,0.996318923041615,273,217.0,170.0
107580497041999074,0.4641642721964951,177,159,1.0455765246545625,374,217.25,171.0
105549995617170853,0.4653395339879293,165,235,1.0045435869864556,236,217.75,172.5
105550049871017396,0.4300420909305064,496,124,1.0695059682974293,127,217.75,172.5
110733870612047344,0.4878676429320036,15,179,1.0301832334267458,502,218.75,174.0
105301877841257613,0.5011891744229143,3,210,1.018595071054487,456,219.75,175.0
99124844353216570,0.481703702943667,38,260,0.9985381486321133,322,220.0,176.0
106382545123328648,0.4502000578917525,369,182,1.0296746273989374,154,221.75,177.0
106301891501674861,0.4328220408010699,490,98,1.1027384196282692,205,222.75,178.0
105521408363571548,0.4598330116439366,257,261,0.9985073204925312,117,224.0,179.0
107603548241713732,0.4554808972059845,317,152,1.0490667778639606,287,227.0,180.0
107598805167594304,0.460433192538615,245,187,1.0274174095427182,292,227.75,181.0
108159968741268165,0.4724420298155161,92,146,1.0538720003777347,528,228.0,182.0
107599156601411192,0.4448796924767151,425,125,1.0693631428834471,238,228.25,183.0
107603554304287575,0.471072535156347,104,211,1.0179811459551316,388,228.5,184.0
109696092218588987,0.4626305182679145,210,169,1.0396703395830058,373,230.25,185.0
108361545122797332,0.4648530565409607,169,196,1.0209042793098817,369,232.5,186.0
110506938087991033,0.4874853816718012,16,224,1.0098523392750147,468,233.0,187.0
107581750701049485,0.4695814585893637,118,265,0.9958633471474003,289,234.25,188.5
103461966975897718,0.4406385174544138,453,214,1.0171170763598427,56,234.25,188.5
110733864366329081,0.4855863802638101,24,195,1.0211621215287674,524,234.5,190.0
107581206998502078,0.4464880650294114,408,153,1.0487176746824378,225,234.75,191.0
105519977854458717,0.4567051364464307,298,213,1.0171765843855476,216,235.0,192.5
100205576309502431,0.4535497439599636,339,269,0.9946168978921283,63,235.0,192.5
99124844355850858,0.4873308673211196,17,251,1.0004549156042841,422,235.25,194.0
107565493716773932,0.4580723591154995,280,133,1.0609345193526916,401,236.75,195.0
103535282135552642,0.3612335642131041,559,166,1.0414164466178697,61,238.0,196.0
98767991949608898,0.382158012731663,550,186,1.0282408981153617,31,238.25,197.0
107581287168722290,0.4582449975890239,278,236,1.0038608689582578,204,238.5,198.0
102141671183409133,0.4621088128489268,218,239,1.002950150045596,262,239.5,199.0
105549997263803379,0.4488991124602907,383,190,1.0261377896722854,197,240.0,200.0
107598683861013570,0.4392445666184427,462,123,1.0704444477932766,253,240.25,201.0
109699042809864069,0.4738232416056708,77,215,1.0162962010572165,455,240.5,202.0
102787200124959636,0.4537053946683698,336,238,1.0030677098547438,152,241.0,203.0
107565477822627354,0.463014527020471,202,198,1.0205057558512023,367,241.25,204.0
105550047979361273,0.4407462009406709,451,193,1.0227879988107687,136,243.25,205.0
99124844354766222,0.4728344082943229,85,203,1.019709500349544,485,244.0,206.0
103535282138043022,0.3638460826771651,557,167,1.040475202776321,94,246.25,207.0
105301786369976273,0.4653677730108286,164,205,1.0196164241030823,415,247.25,209.0
104234362586443283,0.4934507216460212,6,274,0.9927779315817379,435,247.25,209.0
109981644490281844,0.4812452887106774,39,216,1.0151860609405636,518,247.25,209.0
109642690191894407,0.470904376617675,107,232,1.006913786952959,419,247.5,211.0
109539776003058530,0.4713514510278717,100,264,0.9960876749277641,371,249.75,212.5
106269818143576465,0.4491758027084067,379,176,1.0344027731116807,268,249.75,212.5
105520077508552574,0.4091597465911801,529,137,1.0578522370767762,199,250.5,214.0
107581755241449104,0.4743344518861477,70,279,0.9905258124321344,376,251.0,215.0
106827839261303409,0.4499462305104131,370,194,1.0226998321597307,254,253.0,216.0
105550005698683818,0.4556529578937264,315,245,1.0015316951958333,209,253.5,217.5
109783023470714128,0.4540177669877076,333,129,1.06653422164982,423,253.5,217.5
109698757443650056,0.4783477572525734,50,256,0.9997151787512598,459,255.25,219.0
105521637552587612,0.4620421629185446,219,337,0.9783237399870397,135,257.0,220.0
104212474149188693,0.4654232696358573,163,253,1.0000093508801933,361,257.5,221.0
105357803054359120,0.4452242221937459,418,172,1.0374047284552155,269,257.75,222.0
107581689894520368,0.4401158541248932,458,141,1.0558107198054676,295,258.75,223.0
109783149221216052,0.4626381517044232,209,201,1.0200410120465377,426,259.25,224.0
105351737774956843,0.4632198037789707,194,208,1.0194249887221545,431,260.25,225.5
105193554293818475,0.4468137643816889,405,209,1.018699696741884,218,260.25,225.5
109782787975510889,0.471984049240449,96,223,1.0103539162197526,503,261.25,227.0
105536952747658409,0.4559579852709578,311,275,0.99277106779727,185,261.5,228.5
110418022381234710,0.4766710160914866,57,246,1.0014187478060832,497,261.5,228.5
108203164850614211,0.4428356095106422,440,126,1.0691466447101243,355,261.75,230.0
109637393694097670,0.4574706619335659,288,177,1.0303961505361283,411,263.25,231.5
105537444152141556,0.4246408964966683,503,181,1.029691865776577,188,263.25,231.5
103935567188806885,0.444558760425802,426,225,1.0097281062828523,182,264.5,233.0
106857734387052095,0.4682308734340471,133,345,0.9770237178037741,239,265.5,234.0
104234144258996303,0.4870747001321969,19,276,0.9925943421876788,493,266.0,235.0
106421708401759879,0.4638627874649479,182,287,0.9888966439400031,310,266.5,236.5
101422616509070746,0.3921587548653559,544,229,1.0095080507657288,64,266.5,236.5
104251016988118464,0.3404669156550237,564,212,1.017766980146145,82,267.5,238.0
98926509892121852,0.4617808703428537,221,421,0.9583465409740229,10,268.25,239.0
107598982142057588,0.4734788227462157,80,323,0.9813198253316741,348,268.5,240.0
103535282143744679,0.3617120693541253,558,226,1.009633303796737,65,268.75,241.0
108159958519099117,0.4580058558711091,281,157,1.0471122108885087,482,269.25,243.0
105193481874236222,0.4250742434139192,502,200,1.0202658165384144,175,269.25,243.0
109783124183318312,0.5062656728390224,1,278,0.9912906560299433,520,269.25,243.0
105520819263036609,0.4391924317869481,463,230,1.0076733210027338,164,271.75,245.0
109485342651298305,0.4646865187746131,171,244,1.0020171370663138,429,272.0,246.0
109631610813971977,0.4893082619765762,10,288,0.9888512541497377,508,273.5,247.0
99566406064558732,0.3984645556974561,539,272,0.9934750626531463,12,273.75,248.0
103878020539746273,0.454898285417651,323,311,0.9848842276067413,156,275.25,249.0
105193385417106233,0.4584233416829244,273,202,1.0197205315838,433,277.5,250.0
102747101565183056,0.4403770237314596,456,41,1.210833025303197,574,278.0,251.0
108565997404381643,0.4879516180019331,14,268,0.9946365521705789,567,279.25,252.5
105549993449477104,0.4616588226665302,224,315,0.9832728617219515,263,279.25,252.5
105193571520283762,0.4521473124297871,351,206,1.0194301167627862,357,280.0,254.0
103535282140533402,0.3806118759025385,551,240,1.0027845491838343,91,280.5,255.0
110733877357854829,0.4862692546507603,22,277,0.9921217727131664,549,281.25,256.0
103877774634323825,0.4504842036696331,364,339,0.9781550228503328,87,282.25,257.0
101383793569248484,0.4552383485543203,321,386,0.9665510634089961,38,282.75,258.5
107599040773840060,0.4576619438527427,285,303,0.9856231471083896,240,282.75,258.5
105301755072677196,0.4600219219639867,253,207,1.0194249887221545,476,285.75,260.0
105594135137147298,0.4505844700097395,363,334,0.9796125297298355,115,286.5,261.5
108361578564310810,0.4839173403155836,27,346,0.9765594430724496,427,286.5,261.5
105550001032913831,0.4586416271375551,270,347,0.9764970693580595,192,289.0,263.0
109480204628225868,0.4614122537630356,230,270,0.9939087209665031,387,289.25,264.0
108121051709036068,0.4826165389154144,34,317,0.9830013399784366,492,290.0,265.0
109676337359108345,0.4719162442126181,98,340,0.9780863039215044,384,290.5,266.0
109699038581250169,0.4798513251424418,46,313,0.9846779639706175,491,290.75,267.0
105537947396116202,0.4063386644521773,533,227,1.0095392677712898,178,291.25,268.0
109782867012820172,0.4837105238258892,29,291,0.9881851600676669,556,291.75,269.0
107582169874155554,0.4608932638691287,235,286,0.98903541657889,363,292.5,270.0
106302593752767294,0.4578781238792465,283,273,0.9930242640793443,343,293.0,271.0
110534749775658790,0.4756833569195876,63,289,0.9884123229906314,537,294.5,272.5
110424394375218208,0.4675864802308708,142,266,0.9957999730097011,504,294.5,272.5
107456419134134246,0.4542051532935519,329,258,0.9992759393485253,335,295.0,274.0
103877756742242918,0.2957797819718904,572,132,1.0609414043441538,346,295.5,275.5
108361570687544399,0.4725414105324874,90,297,0.9863965183266916,498,295.5,275.5
106371141659311452,0.4478949665182647,395,307,0.9852848062333199,181,297.5,277.0
105554088239949229,0.4601747371466091,250,343,0.9773217682291565,260,299.0,278.0
108361537886099513,0.5046733762960517,2,318,0.9828484566949629,560,299.5,279.0
104710678170825211,0.4644033875465115,175,441,0.9512114148199915,143,300.0,280.0
99566405127798575,0.4482889755745501,390,381,0.9673297734976943,50,300.5,281.0
108160026618060825,0.456042340327129,308,168,1.0402137134045246,561,301.25,282.0
101383793567806688,0.4566959151774219,299,426,0.9567893763788201,57,302.0,283.0
105957640798249312,0.4724184683951922,94,294,0.986996084542466,527,302.25,284.0
99322214695067838,0.4638057442068968,184,455,0.9444082453937422,123,304.25,285.0
107581738783262346,0.4487934975380927,384,248,1.001082966234206,352,308.0,286.0
99294153828264740,0.4672688289625784,147,538,0.8999873928047124,20,310.75,287.0
108203159356403647,0.4439080466313786,432,221,1.012483056360513,370,311.0,288.0
106250732506012141,0.4536961808584689,337,290,0.9881938756769322,333,312.5,289.0
107179740624168899,0.4605280585630554,242,284,0.9898583359672489,441,312.75,290.0
107582591908138922,0.4559450996958455,312,280,0.9902662495968998,380,313.0,291.0
109480056092207899,0.4621581557720887,215,321,0.9818427335253629,396,313.25,292.0
105520781900097659,0.4976159785587704,4,403,0.962246342962165,449,314.75,293.0
102787200145472495,0.4167548835791216,521,283,0.9899657761212625,179,316.5,294.0
107598764318774383,0.4456632864635698,414,267,0.9957768373266181,321,317.25,295.0
98767991860392497,0.4592645507114951,262,499,0.9237355752313342,14,318.5,296.0
109631614501223948,0.4872232590401338,18,352,0.9737329224235447,554,319.0,297.5
105550059790656435,0.4341831784321165,484,332,0.9800263228083071,128,319.0,297.5
108439036582886702,0.464667181788866,173,336,0.9788392899340006,437,320.5,299.0
108159996371573462,0.4361147493915365,478,142,1.0556982949153353,522,321.0,300.5
109981647134921596,0.4657450774367597,159,330,0.9802731437914833,465,321.0,300.5
103877925817094140,0.4861711360741274,23,477,0.933779533955674,309,321.5,302.0
107580481273119961,0.4425162584642571,444,241,1.0026547120102813,364,322.5,303.0
98926509884398584,0.4601848291072022,249,475,0.9360005063450388,92,322.75,304.0
109485351596724390,0.4632887236835669,191,351,0.9737693885770644,400,323.25,305.0
103535282148790975,0.3437362763984863,562,355,0.9733794774703519,26,324.5,306.5
106250729133367861,0.4746851876464851,68,422,0.958311450658425,386,324.5,306.5
109696115986547257,0.4605645185859207,240,295,0.9867254675152283,469,324.75,308.0
107416342401528388,0.4593577485142375,261,378,0.9686894321525311,284,325.25,309.0
104710359142494900,0.4693440542870284,122,513,0.916901789841416,155,325.75,310.0
105536738266035235,0.4631915443219179,195,457,0.9440082646774836,201,327.5,311.0
105520824521753126,0.4350594574717567,481,322,0.9817224651238979,187,328.0,313.0
107603596915629288,0.4744400395268707,69,432,0.9543332898135578,379,328.0,313.0
99566408561605102,0.4492576404094888,378,437,0.9525083889757894,60,328.0,313.0
99566408221114231,0.4676118151073103,141,576,0.8515966526662135,24,329.25,315.0
105520822049210915,0.4634462638996828,188,486,0.9295663394729253,168,332.0,316.0
107598712583969458,0.4403907649049135,455,316,0.983144967041987,248,333.75,318.0
104710383210356454,0.4768703193136288,54,501,0.9230419100063756,279,333.75,318.0
99566406338282437,0.423852212761941,505,401,0.9633239802246715,28,333.75,318.0
101383793195758800,0.4779885630258408,52,568,0.8650249859105297,148,334.0,320.0
110492173877838150,0.4819159911261794,37,411,0.9605967291951175,478,334.25,321.5
110534696811298545,0.4652934596601155,166,342,0.9779454428125137,487,334.25,321.5
99566408219409348,0.4592513655929278,263,516,0.9158672483484622,47,335.5,323.0
107599061926073885,0.4608799463091007,237,387,0.9662532020583062,334,336.25,324.0
107251941920386009,0.3221470544983436,567,183,1.0294299160879024,414,336.75,325.5
107599485973747723,0.4820764541314686,35,448,0.9482222644278702,416,336.75,325.5
109698026697016325,0.4709891574185113,105,360,0.9719256455559943,525,337.5,327.5
109668849651338559,0.4766788494832337,55,490,0.9283124360580566,315,337.5,327.5
107582609836036013,0.4339544912035512,485,293,0.987569908198357,290,340.25,329.0
107582173169864040,0.4652848898242097,167,406,0.9620120972965779,389,342.0,330.5
105521674055625312,0.4607591877157652,238,479,0.9330751903616998,172,342.0,330.5
109783130654973406,0.4588651744464169,267,281,0.9901713550927654,543,343.0,332.0
110534714934488523,0.4760166050184724,60,385,0.9666526555126134,547,344.25,333.5
110534724851488577,0.4632282583469072,193,319,0.9826337688061191,546,344.25,333.5
103535282124208038,0.4463740958806725,409,461,0.9417704505257405,54,346.25,335.0
107581212180071788,0.4614225751849459,229,408,0.9615332883771457,342,346.75,336.0
105594116005157262,0.4333048620412734,487,356,0.9731621195173688,189,347.0,337.0
105548000936710641,0.4450328817478082,422,348,0.9754864247161317,271,347.25,338.0
109783164711873455,0.4828299765956708,33,417,0.959902118841136,532,349.75,339.0
105537226118106446,0.4429710202279633,439,397,0.9640271252840902,167,350.0,340.0
105549991104165282,0.4470118480288049,404,395,0.964606412104554,208,350.5,341.0
109675484017801229,0.4832046398475507,32,509,0.9190621589481813,353,350.75,342.0
107581733744920199,0.4862706571543231,21,425,0.9573035403231898,533,351.0,343.0
110534751905120040,0.472506551144659,91,375,0.9694951767888534,566,351.75,344.0
107582638341246907,0.4195919043635467,517,271,0.9938329980626829,349,352.0,345.0
109981678167856017,0.4641148052042667,178,361,0.971925431576243,509,352.25,346.0
107598785733448849,0.441155819119065,450,338,0.9782079236849726,293,354.75,347.0
106857761435870473,0.4663171308933654,154,465,0.9391773313135363,336,355.0,348.0
107582641798795198,0.4460283463730737,410,377,0.9687399794708972,259,355.75,349.0
107598780504331406,0.463130895459396,199,435,0.9540365369185999,356,356.25,350.5
107603566520687175,0.4565211474690484,302,382,0.9671682306834806,359,356.25,350.5
109698030312834058,0.4741442756897861,73,414,0.960185390922637,526,356.75,352.0
106857755268998406,0.3673953291452014,553,228,1.0095247276365045,420,357.25,353.0
99566408217116828,0.4529410142738848,344,506,0.9197210534410125,75,357.75,354.0
107599112065439311,0.451774218908453,355,370,0.9711738904181635,339,358.5,355.0
105520788833075738,0.4458418720078682,412,433,0.9542559027660485,161,359.75,356.0
103535282151674574,0.3040684081014385,570,388,0.9659854976190192,99,361.25,358.5
103935421249833954,0.423286197925848,506,396,0.9645327016790435,147,361.25,358.5
104016416551172375,0.4842281052150977,26,579,0.8507473229017951,261,361.25,358.5
107581296208168309,0.4508164482219455,361,391,0.9653388093989993,302,361.25,358.5
104710682193583854,0.4531041809728479,342,471,0.9374151720006821,162,361.5,361.5
109698855806033734,0.4650461355288974,168,392,0.9651257785882204,494,361.5,361.5
109704625422425316,0.4708234487947543,109,393,0.9649890608687651,553,362.0,363.0
98767991959203254,0.4393511631023552,461,380,0.9677612852433025,229,362.5,364.0
99124844358677975,0.4413585495692439,448,257,0.9995405335290749,495,364.25,365.0
107603551467692884,0.4726113687572745,89,416,0.9599362764196189,541,365.5,366.5
105532840001188717,0.4552446334769352,320,443,0.9501348413044586,256,365.5,366.5
108203173414485265,0.4661526309790771,157,415,0.9600510648485159,477,366.0,368.0
109697683685398040,0.4749884448690803,64,462,0.9408083433072215,480,367.0,369.0
110534732558665825,0.4708566067471915,108,412,0.9605790993729368,538,367.5,370.0
105913232697120493,0.4547364134900145,324,418,0.9596144088606103,314,368.5,371.5
110425005562048945,0.4837399911074972,28,452,0.9461950249448384,542,368.5,371.5
105536980594429116,0.4636700074424317,186,431,0.9545542791537376,428,369.0,373.0
105543843212923183,0.4453420900229884,415,453,0.9453995613652181,163,371.0,374.0
98767991930907107,0.4621166203304063,216,606,0.7883956963160812,59,371.75,375.0
100205576307813373,0.4526240763849219,345,535,0.9010823588112332,76,372.75,376.0
110534728305628996,0.4625867127809241,211,384,0.9667732721173339,514,373.25,377.0
103963715924353674,0.478275946933423,51,573,0.8581767763947962,298,373.75,378.0
99566406065437842,0.3931524632663313,543,463,0.9405005837830928,27,374.0,379.0
109631541326560210,0.4863288309962664,20,454,0.9446642354640984,569,374.25,380.0
107582150625414483,0.4545844899831408,325,389,0.9658652224907376,395,374.5,381.0
107598878262940546,0.4451169232659377,420,376,0.9690950511027564,345,379.25,382.0
105521412995449549,0.4540092352571077,334,512,0.9171916882570752,160,379.5,383.0
100289931264192378,0.4727173489545492,86,558,0.8787122231318908,319,380.25,384.0
107693836459380354,0.4677164552523695,139,451,0.947069155918774,481,380.5,385.5
98926509883054987,0.4570594970527136,295,574,0.8571109747018265,79,380.5,385.5
102787200153467923,0.462847750080188,206,522,0.9085900735637176,274,381.0,387.0
106269859169658575,0.4711627750148126,103,578,0.850966852942154,270,382.25,388.0
105521451717484016,0.4524189839623459,347,434,0.9540895132761883,323,384.5,389.0
105913111502565010,0.4474573198615489,398,350,0.9744424670801942,444,385.5,390.0
108448995754333242,0.4691879847015868,124,444,0.9495728457453338,536,387.0,391.0
108361575122450254,0.4633758020078936,189,492,0.9271183368199107,377,387.5,392.0
105550042327365041,0.4219590613800881,510,464,0.9398779098830831,113,387.75,393.0
101978171843206569,0.4758870311492799,62,591,0.8238583375625768,308,388.0,394.0
103535282146169523,0.3363083834723305,565,474,0.9364010038491388,45,389.5,395.0
110534741480867943,0.4457898688635067,413,310,0.9849469289976558,529,390.5,396.5
99566408222831088,0.4534507794968092,340,589,0.830563164702684,44,390.5,396.5
101428372607057464,0.4598633705587766,256,611,0.7798200176532053,85,390.75,398.5
108078422885368642,0.4549019883814303,322,398,0.9638399473540169,445,390.75,398.5
110733889090164854,0.4570974121968371,294,357,0.9726376424049414,562,392.5,400.0
107598699275015260,0.4578057042645312,284,534,0.9016186743401988,224,394.0,401.0
107574959289974368,0.4622208706681556,214,491,0.9281402654895896,383,394.75,402.0
99566406332122275,0.3879736463655981,548,472,0.9372763158963249,90,395.5,403.0
102747101562758215,0.4432243691630339,437,563,0.8704568655441454,29,398.0,404.0
107580475800733004,0.4328875310390576,489,285,0.9896182227690408,535,398.5,405.0
101428372600307248,0.4424529960763408,445,542,0.8982091601608867,68,399.25,406.0
105553684493690219,0.4545791837456806,326,526,0.9071086162530616,220,399.5,407.0
109695924147263860,0.46944763628606,121,507,0.9194753857430575,467,400.5,408.0
106334802515490809,0.4073826206499849,531,341,0.9780612969142993,391,401.0,409.0
101428372598668846,0.4525005741416054,346,607,0.785886351479459,52,403.0,410.5
101428372602011186,0.4554017331762237,318,624,0.571429304398165,46,403.0,410.5
107581178720470377,0.4427700710052587,441,400,0.9633350828932492,381,405.5,412.0
107581209070519555,0.4586399892333819,271,468,0.9381913095590318,418,406.25,413.0
107582181197106556,0.4520439410428177,352,469,0.9381449223913875,337,406.75,414.0
108018637503819612,0.4611045786338049,232,424,0.9580867552747475,548,407.0,415.0
105593213115128994,0.4626405145238338,208,590,0.8298113816457122,241,407.25,416.0
106806773698472633,0.4530327221225954,343,546,0.8942896740416053,195,407.5,417.0
109696047948627764,0.4613543624028224,231,456,0.9442057892637019,489,408.0,418.0
105521402545275594,0.4399397676412668,459,460,0.9426445258729331,255,408.5,419.5
103877976717529187,0.2394766405169797,574,327,0.9804188697104558,406,408.5,419.5
105520713962793016,0.4230435624537971,507,428,0.9558995959795812,272,408.75,421.0
107599144012469862,0.4483360553425591,389,439,0.9522819241826753,375,410.5,422.0
98767991921462763,0.4148558884568099,522,555,0.8820451588861539,11,410.75,424.0
107179722233063345,0.4639630462359534,181,550,0.8868336187313305,362,410.75,424.0
107582598621022934,0.4373507126661272,470,383,0.9668620718258336,407,410.75,424.0
105553729458550723,0.445337463516011,416,482,0.9317651352407342,264,411.0,426.0
106827765448944398,0.4273278764858189,500,419,0.959572735075768,307,411.25,427.0
109672446077514083,0.4564868928909156,303,399,0.9637740785440447,545,411.5,428.0
106300533256999014,0.3903255423315612,545,320,0.9823305460154701,462,411.75,429.0
109539873500788632,0.4616168876689305,225,481,0.9320042505986186,461,412.0,430.0
99566406334639907,0.3846008976921646,549,539,0.8991539324993709,22,412.25,431.0
105550051809743868,0.4471146040562295,401,553,0.8833118769130329,146,413.25,432.0
107128093558481418,0.4436142584935002,435,390,0.9655590125607395,440,413.75,433.0
107599089191671351,0.4621121928715267,217,520,0.9099960862956582,399,414.0,434.5
105520816474194464,0.4348863963095208,483,430,0.9545869297174419,313,414.0,434.5
107580444745581889,0.4030422662640874,535,301,0.9857805703246463,521,414.5,436.0
106857724782292541,0.3663928605876018,554,314,0.9841388399352036,484,416.5,437.0
106806779752531762,0.4617987641357368,220,586,0.8423277681165735,277,417.25,438.0
107581761958954646,0.464682046799416,172,519,0.9108039302239002,460,417.5,439.0
107423086908356081,0.4479560426233139,394,446,0.9483822712686416,385,417.75,441.0
105503948999800557,0.4362200950847326,477,484,0.9311905221116112,226,417.75,441.0
105536773074826367,0.4426898894186816,443,524,0.907761672024323,180,417.75,441.0
107603586980602718,0.4227983713152229,508,365,0.9713559230613877,434,418.0,443.0
107110686951738484,0.4658587508959939,158,532,0.9040936983587294,453,418.75,444.0
108566004579728490,0.4217791928592325,512,300,0.9858987788663232,565,419.25,445.0
105520784254806142,0.4430037545378667,438,495,0.9261861129187692,251,419.75,446.0
107565448721890834,0.4673217021297353,145,515,0.9164307901867739,505,420.0,447.0
99871276356460471,0.4004545692311797,537,529,0.9056397690660215,86,420.25,448.5
105593129376630217,0.4104787147472927,526,476,0.9354372586817704,203,420.25,448.5
105594101461473671,0.4543639594855495,328,556,0.8798259669810773,242,420.5,450.0
109672618694070633,0.4662039360603635,155,480,0.9329321175254474,570,421.25,451.5
102825747701670848,0.4172303422615583,520,504,0.9204368340083697,157,421.25,451.5
105503848339138647,0.4496231803090973,373,543,0.8976665009248181,227,421.5,453.0
102787200159169580,0.4414039670917672,446,458,0.943128226682033,325,421.75,454.0
105547976546505145,0.3943344379005958,542,344,0.9771332694988925,463,423.25,455.0
103877891572305836,0.4439486153441893,431,545,0.8943303162930626,173,423.5,456.5
107700211633200412,0.4720496402159778,95,597,0.8102769125789487,405,423.5,456.5
108203161924300737,0.4384690387010271,467,379,0.9682572440469361,470,423.75,458.0
109783136441695429,0.4471514696563573,399,363,0.9715693563284514,572,424.25,459.5
105537621677160078,0.4057476834350444,534,440,0.9521869293837029,283,424.25,459.5
103877879209300619,0.3198606947096434,568,407,0.9618086233730112,318,425.0,461.0
109697689430777005,0.4671617485298678,148,527,0.907101016771623,499,425.25,462.0
107258254469504696,0.4587432527001188,268,544,0.895324672365214,347,425.75,463.5
107423083507599175,0.4474677930513895,397,489,0.9289061388661095,328,425.75,463.5
105593278887024877,0.4726119526641231,88,580,0.8499959531195161,458,426.5,465.0
107580455322240324,0.435312493517857,479,335,0.9791027922513257,558,426.75,466.0
103495716886587312,0.3982927885209944,540,551,0.8847203591773748,69,427.75,467.0
106827848618374543,0.4634988590996619,187,559,0.8747640546506236,409,428.5,468.0
109671201259007744,0.4741414504888286,74,581,0.8498752698024449,479,428.75,469.0
110425157952111645,0.4495163163979033,376,405,0.9620921727860566,531,429.25,470.5
109783170393931575,0.4608856325050484,236,459,0.942876028739979,563,429.25,470.5
107598651997213225,0.4206848865378408,515,420,0.9595586863466294,365,430.0,472.0
101428372603715124,0.4407112191998865,452,609,0.7820254626339446,51,430.25,473.0
105521504308341229,0.4572663393710957,292,587,0.8414770786709307,257,430.75,474.0
105663527959374033,0.4809532877907243,42,618,0.7127287677511035,446,431.0,475.0
101383792559569368,0.4450309352279851,423,588,0.8404824002558219,131,432.5,476.0
105593161016793151,0.4511408814174898,358,604,0.794591673188247,165,432.75,477.0
107582176093752697,0.27831843592287,573,302,0.9857186779665081,555,433.0,478.0
105515109012592449,0.4309763637021005,495,478,0.9334584454529533,286,434.25,479.0
102787200138722262,0.4603087304237818,247,596,0.8168903121467019,299,434.5,480.5
105593182576105603,0.4413998048646823,447,530,0.9053114805743105,231,434.5,480.5
101383792887446028,0.4323043504656175,491,585,0.8433561261574772,89,437.5,482.0
107437032053655867,0.4628846145736214,205,615,0.7471446482067554,316,437.75,483.0
108203169709977541,0.4523106939385644,348,483,0.9314838812122761,439,438.25,484.0
106295024192678387,0.4135372112140351,524,438,0.9524475081493775,354,438.5,485.0
105397399468432537,0.4484030213187438,386,562,0.8708127164123468,247,439.25,486.0
107599188771591359,0.4579364584459374,282,514,0.916484112276777,448,439.5,487.0
108319257932089006,0.4640162926660416,180,577,0.8515652861939677,425,439.75,488.0
105550024238752685,0.436671642621854,473,567,0.8650621976691908,153,440.0,489.0
107067065368380132,0.4508440077485479,360,467,0.9383467001175315,472,441.5,490.0
107251374793416561,0.436540185675968,475,540,0.8988690988016969,215,442.5,491.0
104843437139220481,0.4452084039638144,419,525,0.9071519712450095,303,443.0,492.0
107597858964689090,0.4631856111209951,196,517,0.9137147207153051,544,443.5,493.0
107648168744912288,0.4589911299504556,265,511,0.9172604876014162,500,446.75,494.0
109671193729027761,0.4799781972383092,45,605,0.7919576368152357,534,447.25,495.5
105521293297166647,0.4459614156398483,411,584,0.8461953928195545,210,447.25,495.5
98767991897792379,0.4394456678888122,460,547,0.893684513008876,237,447.75,497.0
108361565719424734,0.4452342381371602,417,427,0.9566134835223835,523,448.5,499.0
110424397251619481,0.4517578721554331,356,449,0.9480542351980686,540,448.5,499.0
103535282113853330,0.3018978888290371,571,565,0.8657537998679975,93,448.5,499.0
107597866344501908,0.4282185899803492,498,450,0.9480392740717551,397,448.75,501.0
105503778424809514,0.4379486114031476,468,518,0.9121698490218637,296,450.0,502.5
105550036134585264,0.4217916514695179,511,560,0.8724853629394577,169,450.0,502.5
107635420167535818,0.4974757140603627,5,625,0.5499790790653387,552,451.75,504.0
108361550364038935,0.4372033801508257,472,394,0.9648607447340896,559,454.75,505.5
107582615829368757,0.4476596732940051,396,436,0.9532288958109008,551,454.75,505.5
107251307514079872,0.3154988096795131,569,445,0.9487408650641276,366,456.25,507.0
99566406066182955,0.3654454234882991,556,593,0.8216285935881988,84,456.5,508.5
106334794714373670,0.4275967671104144,499,505,0.9200574650869011,317,456.5,508.5
106222632206917342,0.4000290355697841,538,429,0.954654868612969,432,457.0,510.0
105537408539332006,0.431900955314111,493,521,0.9096355826536473,301,459.0,511.0
103495716836203404,0.3607125549230216,560,616,0.7260134724817426,48,460.0,512.0
106827815539026710,0.4479695836441204,393,466,0.9385735803019337,516,460.25,513.0
109675490370327425,0.4679175942284512,136,599,0.7970387231661195,510,461.0,514.0
109692071893352727,0.4445294933286105,427,485,0.9295679381668629,451,462.0,515.0
105521419784127190,0.4495547887005318,375,598,0.8018045664854889,280,462.75,516.0
99566406069969565,0.3891490892595908,547,603,0.7950070606310767,100,463.25,517.0
105709099258505657,0.4206255631018497,516,595,0.8172835126201436,150,464.0,518.0
109671413728531527,0.4507058181401325,362,497,0.9257262263723115,501,464.25,519.0
105550003470349739,0.4427305155531802,442,570,0.8625606948842992,276,464.5,520.0
105503535895066182,0.4441305841600931,430,571,0.8599404216026076,288,465.0,521.0
109692074894483834,0.4588991877992636,266,561,0.8710249334528003,483,467.75,522.0
105520826536746180,0.4240203422591828,504,488,0.9291998753776323,394,468.5,523.0
109783160511364305,0.3491290090023782,561,374,0.9708191811889232,568,469.25,524.0
107582613263241138,0.4334286722123615,486,423,0.9582770597250149,550,470.5,525.5
107599174108436104,0.4316584659163199,494,503,0.9212461665723665,382,470.5,525.5
107456284318482723,0.4292530239367735,497,470,0.9379014479080404,447,471.0,527.0
109749493607708438,0.4553102828014315,319,508,0.919286752090221,564,474.75,528.5
108319669531442279,0.4471446970794426,400,493,0.9268479616781005,513,474.75,528.5
107456355516438414,0.4441465224674185,429,502,0.9213279085392436,474,476.75,530.0
107700208463820785,0.4682789878408336,132,619,0.7058626075791508,539,477.25,531.0
99566405944694628,0.4366351612868575,474,566,0.8653397491884991,304,477.5,532.0
104202382255290736,0.4213921899067987,513,594,0.8214727936734467,211,478.0,533.0
105515266817621145,0.4099395185171498,528,531,0.905100055219467,330,480.0,534.0
101383792891050518,0.3899148687075195,546,623,0.575290919242852,133,481.25,535.0
107251231972989211,0.4483924293224868,387,620,0.6811865972713614,300,481.75,536.0
108403526900459473,0.4557785678323492,313,549,0.8884696292759048,519,482.5,537.0
110383487456480967,0.4601590874275894,251,592,0.8231055282468656,515,487.5,538.0
108131965235538611,0.432286411180406,492,498,0.9254958169217516,466,488.5,539.0
105519945593890595,0.4143887549664203,523,548,0.8897765320483434,338,489.25,540.0
105594163014588871,0.4329619232839407,488,613,0.761623328334272,249,490.75,541.0
109828279319224248,0.4561882796536206,305,601,0.7965257525795958,473,495.0,542.0
108159890692353756,0.4193255081987094,518,447,0.948339398701708,571,495.75,543.0
107564135791716115,0.4502191820852244,368,552,0.8844240144627953,512,496.0,544.0
105521239281281237,0.4480233396829274,392,582,0.8490240047499145,430,496.5,545.0
106827823550343961,0.4490118243632138,381,575,0.8531361550596759,457,497.0,546.0
108517492697602721,0.4602063558158464,248,622,0.5912521500082217,506,499.5,547.0
105593311172904657,0.4064825661045346,532,523,0.9081355105571736,421,499.75,548.0
107655539755387391,0.4377586186419381,469,487,0.9292215825244888,557,500.0,549.0
105519846782566525,0.4448877119223441,424,583,0.8474524286307089,413,500.75,550.0
108203166973601408,0.3662118938496206,555,473,0.9368719538828206,507,502.0,551.0
98767991916844003,0.4487921249896023,385,612,0.7663660482778758,402,502.75,552.0
102787200130988976,0.4471137186401188,402,600,0.7967075071105276,412,503.5,553.0
108361563004344389,0.4519577741346653,354,610,0.7820126632618903,442,504.0,554.0
105549984475833252,0.4100144157046142,527,510,0.9186602335594177,471,504.5,555.0
99566406070802758,0.3353933117034497,566,617,0.7241470452879221,221,505.25,556.0
109539675734129088,0.4364951991461905,476,528,0.9070462833043232,490,505.5,557.0
104367072827489994,0.4411657797811837,449,602,0.7962967868400082,378,507.75,558.0
105548019132871601,0.4013085426078667,536,500,0.9230590948479941,496,508.0,559.5
105594176887807460,0.4252357632779525,501,564,0.8697084198191962,403,508.0,559.5
107598704067400262,0.3715928759760896,552,533,0.9021335036050313,438,514.0,561.0
107468079354897663,0.4088684078042122,530,536,0.901074693660568,488,522.5,562.0
109696138543579708,0.4226902202804194,509,537,0.9001000833991231,511,523.5,563.0
107456352597333899,0.4391191694461756,465,572,0.8597995773817338,517,531.5,564.0
104367099322647716,0.3958282100336212,541,608,0.7837434764736415,390,536.75,565.0
101428372830010965,0.4403628813488799,457,621,0.6490693654806043,454,538.25,566.0
106371176555003349,0.4208199443678393,514,557,0.8797885543031201,530,539.5,567.0
